Workbook

Sheet Daftar Produk
A1: No | B1: Nama Produk | C1: Kategori | D1: Merek | E1: Warna | F1: Spesifikasi | G1: Deskripsi | H1: Fitur Unggulan | I1: Harga (Rp)
A2: 1 | B2: Sapu Ijuk Dragon Standar | C2: Sapu | D2: Dragon | E2: Biru | F2: Tipe: Sapu Ijuk Kipas Ukuran total: ± 117 cm Lebar kipas bawah: 40 cm Lebar atas: 27 cm Panjang tongkat: 90 cm Gagang: pipa besi coating silver tahan karat (90 x 1,9 cm) Harga sudah termasuk gagang | G2: Sapu Ijuk Dragon terbuat dari serat ijuk alami berkualitas tinggi dan gagang pipa yang ringan serta kuat, membantu Anda membersihkan lantai rumah dengan mudah dan bersih maksimal. | H2: • Gagang pipa besi berlapis coating silver tahan karat (90 x 1,9 cm) • Serat ijuk tebal, anyaman kencang, dan tidak mudah rontok • Ringan, seimbang, dan sangat nyaman digunakan | I2: 30000
A3: 2 | B3: Sapu Nilon Dragon Warna | C3: Sapu | D3: Dragon | E3: Random / acak (merah, hijau, biru) | F3: Tipe: Sapu Nilon / Plastik Panjang gagang: ± 110 cm Lebar kepala sapu: ± 30 cm Bahan bulu: senar nilon sintetis lentur Harga sudah termasuk gagang | G3: Sapu Nilon Dragon menggunakan bulu nilon berkualitas tinggi yang rapat, lentur, dan awet. Tahan air serta mudah dibilas jika kotor, sangat cocok untuk area lantai dapur maupun teras rumah. | H3: • Bulu sintetis lembut dan tidak mudah patah / mekar • Gagang pipa ringan berlapis plastik motif • Mudah dibersihkan dan cepat kering | I3: 30000
A4: 3 | B4: Sapu Ijuk Bom Bom Ekonomis | C4: Sapu | D4: Bom Bom | E4: Hitam kombinasi (warna pengikat acak) | F4: Tipe: Sapu Ijuk Panjang total: ± 110 cm Lebar bawah: ± 35 cm Bahan gagang: pipa ringan Harga sudah termasuk gagang | G4: Sapu Ijuk Bom Bom adalah solusi tepat untuk pembersih harian rumah tangga dengan bobot enteng dan anyaman ijuk yang rapi. Memudahkan menjangkau celah sempit di bawah kolong meja dan tempat tidur. | H4: • Anyaman ijuk rapat dan rapi • Bobot sangat ringan, tangan tidak cepat lelah saat menyapu ruangan luas • Awet dan ekonomis untuk penggunaan jangka panjang | I4: 25000
A5: 4 | B5: Sapu Nilon Panda Warna Cerah | C5: Sapu | D5: Panda | E5: Random cerah (kuning, biru, hijau, merah) | F5: Tipe: Sapu Nilon Warna Panjang gagang: ± 105 cm Lebar kepala sapu: ± 30 cm Tinggi bulu: ± 12 cm Harga sudah termasuk gagang | G5: Sapu Nilon Panda didesain dengan bulu sintetis fleksibel dan warna ceria. Efektif mengangkat remah kotoran di lantai keramik, granit, maupun parket kayu tanpa khawatir menggores permukaan lantai. | H5: • Bulu nilon halus dan rapat, debu tidak mudah beterbangan • Ujung gagang memiliki lubang gantungan agar hemat ruang penyimpanan • Gagang kokoh dan tahan penyok | I5: 30000
A6: 5 | B6: Sapu Ijuk Cap 2 Udang | C6: Sapu | D6: Cap 2 Udang | E6: Ijuk hitam legam | F6: Tipe: Sapu Ijuk Tradisional Panjang total: ± 115 - 120 cm Lebar kipas bawah: ± 35 cm Bahan: serat ijuk aren pilihan Harga sudah termasuk gagang | G6: Sapu Ijuk Cap 2 Udang terbuat dari serat aren pilihan dengan anyaman kawat yang kencang dan awet. Terkenal kuat untuk membersihkan debu lantai keramik, lantai semen, maupun rontokan daun di teras. | H6: • Ikatan anyaman ganda kuat dan tidak mudah lepas • Ijuk tebal dan awet untuk pemakaian harian • Gagang lurus, kokoh, dan mantap digenggam | I6: 20000
A7: 6 | B7: Alat Pel Katun Dragon (Kecil) | C7: Alat Pel | D7: Dragon | E7: Putih (sumbu) / gagang abu/biru | F7: Tipe: Pel Katun Ukuran S / Kecil Panjang gagang: ± 110 cm Lebar kepala pel: ± 15 cm Bahan serat: benang katun murni daya serap tinggi Harga sudah termasuk gagang | G7: Alat Pel Dragon Kecil sangat cocok untuk membersihkan ruangan minimalis, kamar kos, maupun area sempit di sekitar perabot. Benang katunnya tebal dan berdaya serap air sangat cepat. | H7: • Kepala pel drat ulir, mudah diganti jika sudah kotor • Benang katun padat dan mudah diperas • Gagang besi berlapis anti-karat | I7: 25000
A8: 7 | B8: Alat Pel Katun Dragon (Sedang) | C8: Alat Pel | D8: Dragon | E8: Putih (sumbu) | F8: Tipe: Pel Katun Ukuran M / Sedang Panjang gagang: ± 110 cm Lebar kepala pel: ± 18 cm Bahan serat: benang katun kualitas standar rumah tangga Harga sudah termasuk gagang | G8: Ukuran paling ideal untuk kebersihan rumah harian. Menjangkau permukaan lantai secara merata dan ampuh menyerap noda basah di lantai keramik maupun granit tanpa merusak kilau lantai. | H8: • Serat tebal dan tidak mudah rontok saat diseka • Dilengkapi sistem drat putar yang kencang • Gagang panjang ergonomis, menyeka lantai tanpa cepat pegal | I8: 30000
A9: 8 | B9: Alat Pel Katun Dragon Jumbo | C9: Alat Pel | D9: Dragon | E9: Putih (sumbu) | F9: Tipe: Pel Katun Ukuran Jumbo (L/XL) Panjang gagang: ± 120 cm Lebar kepala pel: ± 23 - 25 cm Bahan serat: katun ekstra tebal Harga sudah termasuk gagang | G9: Dibuat khusus untuk efisiensi pembersihan ruangan luas seperti aula, kantor, ruko, atau ruang tamu besar. Bentangan sumbunya lebar sehingga proses mengepel selesai jauh lebih cepat. | H9: • Kapasitas serap air ekstra besar • Gagang panjang kokoh, kuat menekan noda lantai membandel • Cocok untuk kebutuhan rumah tinggal berukuran besar maupun komersial | I9: 35000
A10: 9 | B10: Alat Pel Sumbu Bom Bom (Kecil) | C10: Alat Pel | D10: Bom Bom | E10: Putih sumbu / gagang pipa warna | F10: Tipe: Pel Sumbu Kain Ukuran Kecil Panjang gagang: ± 105 cm Lebar kepala pel: ± 14 cm Bahan serat: sumbu kain rajut Harga sudah termasuk gagang | G10: Pilihan alat pel praktis untuk mengeringkan tumpahan air harian di dapur dan kamar mandi. Bobotnya yang ringan membuat aktivitas mengepel jadi lebih santai dan tidak menguras tenaga. | H10: • Daya serap air cepat dan mudah diperas • Gagang ringan namun kokoh digunakan • Harga ekonomis dengan mutu terjamin | I10: 20000
A11: 10 | B11: Alat Pel Sumbu Bom Bom (Besar) | C11: Alat Pel | D11: Bom Bom | E11: Putih sumbu | F11: Tipe: Pel Sumbu Kain Ukuran Besar Panjang gagang: ± 110 cm Lebar kepala pel: ± 20 cm Bahan serat: sumbu kain katun tebal Harga sudah termasuk gagang | G11: Pel Bom Bom ukuran besar dirancang untuk mengangkat kotoran basah di teras atau ruangan yang luas. Rajutan sumbunya rapat sehingga awet digosokkan ke permukaan lantai ubin maupun semen. | H11: • Bentangan kain lebar, mempercepat pengeringan lantai basah • Tali sumbu kuat dan tidak mudah lepas • Nyaman dipakai untuk pekerjaan rumah tangga harian | I11: 25000
A12: 11 | B12: Dorongan Air Karet Lantai (Wiper) | C12: Pembersih Lantai Lainnya | D12: Standar Utility / Lokal Berkualitas | E12: Hitam / gagang silver | F12: Tipe: Wiper Lantai / Karet Pendorong Air Panjang gagang: ± 110 cm Lebar karet wiper: ± 40 - 45 cm Bahan: karet sintetis lentur & besi plat Harga sudah termasuk gagang | G12: Alat dorong air dengan bilah karet presisi yang menempel rata pada lantai. Sangat ampuh menyingkirkan genangan air sehabis hujan, mencuci kendaraan, atau mengeringkan lantai kamar mandi yang becek. | H12: • Karet tebal, elastis, dan tidak mudah sobek • Menyapu genangan air dan sisa sabun dalam sekali tarik tanpa sisa • Rangka penjepit besi kokoh tahan karat | I12: 25000
A13: 12 | B13: Sikat Lantai Gagang Panjang Dragon | C13: Pembersih Lantai Lainnya | D13: Dragon | E13: Kombinasi bulu warna & gagang silver | F13: Tipe: Sikat Lantai Gagang Panjang gagang: ± 110 cm Ukuran kepala sikat: ± 20 x 5 cm Bahan bulu: nilon kasar kaku (hard bristles) Harga sudah termasuk gagang | G13: Solusi membersihkan kerak membandel dan lumut lantai kamar mandi tanpa perlu jongkok atau membungkuk. Bulu sikat kaku menempel kuat pada kepala sikat, bertenaga merontokkan kotoran di sela nat keramik. | H13: • Bulu sikat tahan terhadap cairan pembersih porselen/karbol • Kepala sikat terpasang paten, tidak mudah patah saat ditekan • Gagang panjang nyaman di genggaman tangan | I13: 30000
... A42: 41 | B42: Gembok Cakram Model Bulat (Round Disc Brake Lock) | C42: Gembok Cakram | D42: Universal Disc Lock | E42: Silver stainless / hitam | F42: Tipe: Round Disc Brake Lock (model bulat) Kelengkapan: 1 unit gembok bulat + 2 anak kunci Diameter bodi: ± 6,5 - 7 cm Bahan: hardened alloy steel | G42: Desain bodi bulat melengkung tanpa sudut siku, menyulitkan pelaku kejahatan mencungkil atau memukul gembok dengan linggis. Memberikan proteksi ekstra yang rapi dan rapat di piringan rem cakram motor Anda. | H42: • Desain bulat solid tanpa celah congkelan • Tahan cuaca luar ruang, anti-macet, dan anti-karat • Mekanisme kunci putar rapat dan presisi | I42: 32000

Sheet Ringkasan
A1: Kategori | B1: Jumlah Produk | C1: Harga Terendah (Rp) | D1: Harga Tertinggi (Rp) | E1: Rata-rata Harga (Rp)
A2: Sapu | B2: =COUNTIF('Daftar Produk'!$C$2:$C$42,A2) -> 5 | C2: =_xlfn.MINIFS('Daftar Produk'!$I$2:$I$42,'Daftar Produk'!$C$2:$C$42,A2) -> 20000 | D2: =_xlfn.MAXIFS('Daftar Produk'!$I$2:$I$42,'Daftar Produk'!$C$2:$C$42,A2) -> 30000 | E2: =AVERAGEIF('Daftar Produk'!$C$2:$C$42,A2,'Daftar Produk'!$I$2:$I$42) -> 27000
A3: Alat Pel | B3: =COUNTIF('Daftar Produk'!$C$2:$C$42,A3) -> 5 | C3: =_xlfn.MINIFS('Daftar Produk'!$I$2:$I$42,'Daftar Produk'!$C$2:$C$42,A3) -> 20000 | D3: =_xlfn.MAXIFS('Daftar Produk'!$I$2:$I$42,'Daftar Produk'!$C$2:$C$42,A3) -> 35000 | E3: =AVERAGEIF('Daftar Produk'!$C$2:$C$42,A3,'Daftar Produk'!$I$2:$I$42) -> 27000
A4: Pembersih Lantai Lainnya | B4: =COUNTIF('Daftar Produk'!$C$2:$C$42,A4) -> 2 | C4: =_xlfn.MINIFS('Daftar Produk'!$I$2:$I$42,'Daftar Produk'!$C$2:$C$42,A4) -> 25000 | D4: =_xlfn.MAXIFS('Daftar Produk'!$I$2:$I$42,'Daftar Produk'!$C$2:$C$42,A4) -> 30000 | E4: =AVERAGEIF('Daftar Produk'!$C$2:$C$42,A4,'Daftar Produk'!$I$2:$I$42) -> 27500
A5: Toples & Wadah Makanan | B5: =COUNTIF('Daftar Produk'!$C$2:$C$42,A5) -> 3 | C5: =_xlfn.MINIFS('Daftar Produk'!$I$2:$I$42,'Daftar Produk'!$C$2:$C$42,A5) -> 15000 | D5: =_xlfn.MAXIFS('Daftar Produk'!$I$2:$I$42,'Daftar Produk'!$C$2:$C$42,A5) -> 35000 | E5: =AVERAGEIF('Daftar Produk'!$C$2:$C$42,A5,'Daftar Produk'!$I$2:$I$42) -> 25000
A6: Keranjang Pakaian | B6: =COUNTIF('Daftar Produk'!$C$2:$C$42,A6) -> 2 | C6: =_xlfn.MINIFS('Daftar Produk'!$I$2:$I$42,'Daftar Produk'!$C$2:$C$42,A6) -> 35000 | D6: =_xlfn.MAXIFS('Daftar Produk'!$I$2:$I$42,'Daftar Produk'!$C$2:$C$42,A6) -> 35000 | E6: =AVERAGEIF('Daftar Produk'!$C$2:$C$42,A6,'Daftar Produk'!$I$2:$I$42) -> 35000
A7: Tali Bagasi Motor | B7: =COUNTIF('Daftar Produk'!$C$2:$C$42,A7) -> 4 | C7: =_xlfn.MINIFS('Daftar Produk'!$I$2:$I$42,'Daftar Produk'!$C$2:$C$42,A7) -> 7000 | D7: =_xlfn.MAXIFS('Daftar Produk'!$I$2:$I$42,'Daftar Produk'!$C$2:$C$42,A7) -> 18000 | E7: =AVERAGEIF('Daftar Produk'!$C$2:$C$42,A7,'Daftar Produk'!$I$2:$I$42) -> 11250
A8: Tali Tambang | B8: =COUNTIF('Daftar Produk'!$C$2:$C$42,A8) -> 4 | C8: =_xlfn.MINIFS('Daftar Produk'!$I$2:$I$42,'Daftar Produk'!$C$2:$C$42,A8) -> 15000 | D8: =_xlfn.MAXIFS('Daftar Produk'!$I$2:$I$42,'Daftar Produk'!$C$2:$C$42,A8) -> 38000 | E8: =AVERAGEIF('Daftar Produk'!$C$2:$C$42,A8,'Daftar Produk'!$I$2:$I$42) -> 25250
A9: Aksesoris Motor | B9: =COUNTIF('Daftar Produk'!$C$2:$C$42,A9) -> 5 | C9: =_xlfn.MINIFS('Daftar Produk'!$I$2:$I$42,'Daftar Produk'!$C$2:$C$42,A9) -> 6000 | D9: =_xlfn.MAXIFS('Daftar Produk'!$I$2:$I$42,'Daftar Produk'!$C$2:$C$42,A9) -> 25000 | E9: =AVERAGEIF('Daftar Produk'!$C$2:$C$42,A9,'Daftar Produk'!$I$2:$I$42) -> 17200
A10: Gantungan Jemuran | B10: =COUNTIF('Daftar Produk'!$C$2:$C$42,A10) -> 6 | C10: =_xlfn.MINIFS('Daftar Produk'!$I$2:$I$42,'Daftar Produk'!$C$2:$C$42,A10) -> 18000 | D10: =_xlfn.MAXIFS('Daftar Produk'!$I$2:$I$42,'Daftar Produk'!$C$2:$C$42,A10) -> 55000 | E10: =AVERAGEIF('Daftar Produk'!$C$2:$C$42,A10,'Daftar Produk'!$I$2:$I$42) -> 34166.667
A11: Botol Semprot | B11: =COUNTIF('Daftar Produk'!$C$2:$C$42,A11) -> 2 | C11: =_xlfn.MINIFS('Daftar Produk'!$I$2:$I$42,'Daftar Produk'!$C$2:$C$42,A11) -> 10000 | D11: =_xlfn.MAXIFS('Daftar Produk'!$I$2:$I$42,'Daftar Produk'!$C$2:$C$42,A11) -> 16000 | E11: =AVERAGEIF('Daftar Produk'!$C$2:$C$42,A11,'Daftar Produk'!$I$2:$I$42) -> 13000
A12: Gembok Cakram | B12: =COUNTIF('Daftar Produk'!$C$2:$C$42,A12) -> 3 | C12: =_xlfn.MINIFS('Daftar Produk'!$I$2:$I$42,'Daftar Produk'!$C$2:$C$42,A12) -> 22000 | D12: =_xlfn.MAXIFS('Daftar Produk'!$I$2:$I$42,'Daftar Produk'!$C$2:$C$42,A12) -> 35000 | E12: =AVERAGEIF('Daftar Produk'!$C$2:$C$42,A12,'Daftar Produk'!$I$2:$I$42) -> 29666.667
A13: Total / Keseluruhan | B13: =SUM(B2:B12) -> 41 | C13: =MIN('Daftar Produk'!$I$2:$I$42) -> 6000 | D13: =MAX('Daftar Produk'!$I$2:$I$42) -> 55000 | E13: =AVERAGE('Daftar Produk'!$I$2:$I$42) -> 24926.829
A15: Catatan:
A16: Harga bersumber dari daftar produk awal; deskripsi, spesifikasi, dan fitur bersumber dari dokumen deskripsi lengkap.
A17: Kolom Kategori, Merek, Warna, dan Spesifikasi disusun dari rincian produk pada dokumen deskripsi lengkap.
A18: Teks promosi toko (ajakan follow, hashtag, dan pernyataan komitmen pengecekan barang) tidak dimasukkan.
A19: Produk bergagang (sapu, pel, wiper, sikat) sudah termasuk gagang, tercantum pada kolom Spesifikasi.
